id,max_x,max_y,max_z,min_x,min_y,min_z,mean_x,mean_y,mean_z,var_x,var_y,var_z,activity,isFall
1,0.224,-0.736,0.704,-0.384,-1.152,-0.096,-0.04772881355932204,-0.9279999999999999,0.28203389830508496,0.012439790864694053,0.00628284745762712,0.020079931054294738,Walk-Flat Ground,0
2,0.448,-0.832,0.384,-0.416,-1.568,-0.16,-0.07638709677419357,-0.9754838709677424,0.1403870967741936,0.0324824308012487,0.019150185223725285,0.018080366285119668,Walk-Flat Ground,0
3,0.448,-0.768,0.448,-0.416,-1.568,-0.16,-0.11911111111111118,-0.9434074074074069,0.13866666666666672,0.013744987654320962,0.011102463648834006,0.01194666666666665,Walk-Flat Ground,0
4,0.032,-0.928,0.352,-0.096,-0.96,0.192,-0.02733333333333335,-0.9359999999999996,0.25066666666666687,0.0006822222222222217,0.00019199999999999895,0.0007822222222222219,Run-Flat Ground,0
5,0.64,0.32,0.928,-0.384,-2.24,-0.16,0.10533333333333335,-0.5213333333333333,0.276,0.06344355555555554,0.4796142222222222,0.09888533333333333,Jump,0
6,0.64,0.32,0.928,-0.384,-2.24,-0.16,0.16746666666666674,-0.5973333333333335,0.23360000000000009,0.047150648888888876,0.4068920888888891,0.08650410666666666,Jump,0
7,0.576,-0.48,0.704,0.256,-1.088,0.352,0.38399999999999995,-0.788,0.508,0.010495999999999998,0.031472,0.012400000000000003,Jump,0
8,0.704,-0.352,1.056,0.256,-2.272,0.352,0.42105263157894735,-0.7477894736842107,0.584421052631579,0.012747523545706371,0.16127574515235457,0.0358768753462604,Jump,0
9,2.592,0.32,2.592,-0.224,-4.096,-0.448,0.3469473684210527,-0.6880000000000001,0.4050526315789475,0.2428241551246537,0.9636244210526314,0.24954752354570636,Jump,0
10,0.416,0.768,1.216,0.032,-0.928,0.224,0.2932459016393444,-0.5156721311475418,0.467409836065574,0.0034305788766460627,0.34460448266595,0.13151781564095674,Sit Down Normally,0
11,0.416,0.768,1.216,-0.096,0.096,0.64,0.13226666666666673,0.41088000000000025,0.9480533333333331,0.008201102222222215,0.02217410559999998,0.009714983822222228,Sit Down Normally,0
12,0.416,0.864,1.824,-0.576,-0.896,0.064,0.1533333333333334,-0.21644444444444455,0.581777777777778,0.0692888888888889,0.4008531358024692,0.15397906172839504,Throw Himself on Sofa,0
13,0.416,0.864,1.824,-0.576,-0.832,0.064,0.036085106382978745,0.24034042553191504,0.8861276595744685,0.03360101403349937,0.11710082028067038,0.08490543051154374,Throw Himself on Sofa,0
14,0.576,0.512,0.896,0.288,-0.928,0.064,0.3255466666666669,-0.7965866666666657,0.18090666666666677,0.0026589411555555556,0.13379101582222228,0.05205997795555555,Put Down a Thing,0
15,0.608,0.512,0.896,0.288,-0.96,-0.128,0.3713015873015875,-0.686222222222222,0.2600634920634921,0.009802432854623332,0.15941169664902974,0.11343618644494823,Put Down a Thing,0
16,0.544,0.096,0.992,0.32,-0.928,-0.064,0.3542222222222225,-0.848444444444444,0.08177777777777778,0.002825283950617286,0.055580246913580295,0.06570350617283935,Put Down a Thing,0
17,0.64,-0.16,1.152,0.128,-0.96,-0.064,0.2355555555555557,-0.8360000000000001,0.1413333333333333,0.017644246913580245,0.054014222222222213,0.13555911111111113,Knee Down,0
18,0.64,-0.064,1.152,0.192,-0.96,-0.064,0.409846153846154,-0.4578461538461539,0.6892307692307694,0.017409514792899417,0.0875732071005917,0.12360710059171594,Knee Down,0
19,0.448,-0.064,0.96,0.448,-0.096,0.928,0.448,-0.08,0.9546666666666667,0,0.000256,0.0001422222222222215,Knee Down,0
20,1.344,-0.128,3.072,0.064,-1.152,-0.064,0.20444444444444454,-0.8844444444444443,0.16755555555555557,0.024136691358024695,0.03237846913580247,0.1880886913580247,Knee Down,0
21,1.344,-0.128,3.072,0.064,-1.152,-0.064,0.2720000000000001,-0.7714285714285719,0.43542857142857144,0.05452800000000001,0.0621962448979592,0.36610481632653064,Knee Down,0
22,0.544,-0.448,0.8,0.128,-0.96,0.032,0.19511111111111126,-0.899111111111111,0.1475555555555556,0.008224987654320986,0.014482765432098758,0.05152869135802468,Knee Down,0
23,0.384,-0.672,0.32,-0.96,-1.408,-0.832,0.07348148148148155,-0.9623703703703705,-0.003555555555555539,0.0390875829903978,0.006441788751714674,0.019898469135802465,Walk-Flat Ground,0
24,0.768,-0.384,0.608,-0.96,-1.536,-0.832,0.06613333333333334,-0.9450666666666672,-0.051200000000000016,0.1289511822222222,0.07200312888888889,0.08564736,Walk-Flat Ground,0
25,0.768,-0.384,0.736,-0.736,-1.632,-0.8,0.10997183098591552,-0.9590985915492957,-0.06670422535211269,0.07250878793890103,0.06608324380083314,0.07992237730609013,Walk-Flat Ground,0
26,0.608,-0.448,0.736,-0.704,-1.632,-0.864,0.09508571428571432,-0.9618285714285709,-0.08655238095238099,0.05518788789115647,0.04154179918367344,0.06641222820861681,Walk-Flat Ground,0
27,0.672,-0.448,0.864,-0.704,-1.664,-0.864,0.13766037735849065,-0.9427924528301885,-0.058867924528301925,0.05220796012815949,0.03615250409398363,0.07042679387682453,Walk-Flat Ground,0
28,0.768,-0.512,0.896,-0.48,-1.664,-0.736,0.14515463917525778,-0.9451546391752577,-0.03397938144329896,0.05751421320012755,0.038089883303220315,0.07756672122435967,Walk-Flat Ground,0
29,0.768,-0.48,0.896,-0.608,-1.536,-0.576,0.11165217391304354,-0.9673043478260865,-0.03269565217391305,0.05797831379962193,0.040183168241965966,0.07372751606805295,Walk-Flat Ground,0
30,0.896,-0.416,0.672,-0.608,-1.536,-0.544,0.1324859813084113,-0.9555140186915883,-0.05801869158878508,0.05566824980347628,0.0395522124202987,0.05945192488426941,Walk-Flat Ground,0
31,2.528,0.896,2.752,-3.936,-2.592,-2.976,0.1154285714285715,-0.9454285714285706,-0.09057142857142864,0.45504653061224504,0.13203910204081634,0.3915316734693878,Walk-Flat Ground,0
32,2.528,0.896,2.752,-3.936,-2.592,-2.976,0.11302127659574475,-0.9467234042553186,-0.06400000000000004,0.5424084889090088,0.16064620009053868,0.47626893617021315,Walk-Flat Ground,0
33,0.928,-0.608,0.96,-0.64,-1.536,-0.672,0.13016216216216223,-0.9634594594594595,-0.053621621621621623,0.06460418991964939,0.0430513834915997,0.08114807304601898,Walk-Flat Ground,0
34,0.512,-0.64,0.704,-0.384,-1.536,-0.672,0.08248888888888889,-0.9678222222222224,-0.12942222222222227,0.039571405432098763,0.024856146172839516,0.05183513283950618,Walk-Flat Ground,0
35,0.384,-0.672,0.064,-0.192,-1.344,-0.48,0.06144,-0.9612800000000005,-0.13440000000000005,0.028501606399999994,0.023714201600000005,0.01425408,Walk-Flat Ground,0
36,0.608,-0.576,0.288,-0.48,-1.344,-0.64,0.07940740740740741,-0.9428148148148147,-0.1440000000000001,0.035602611796982146,0.01732126200274348,0.018953481481481484,Walk-Flat Ground,0
37,0.64,-0.416,0.896,-0.48,-1.376,-0.64,0.1242597402597403,-0.9271688311688308,-0.06981818181818188,0.03446954292460787,0.02542642604149098,0.05318755135773317,Walk-Flat Ground,0
38,0.8,-0.416,0.896,-0.32,-1.536,-0.576,0.16567088607594946,-0.9413670886075945,-0.017417721518987336,0.039372398013138916,0.04281635891684026,0.06330128120493511,Walk-Flat Ground,0
39,0.8,-0.512,0.608,-0.32,-1.536,-0.576,0.16725773195876295,-0.9468041237113398,-0.06795876288659797,0.036959119141247734,0.03571865235412904,0.04824956530980976,Walk-Flat Ground,0
40,0.8,-0.48,0.608,-0.256,-1.792,-0.608,0.1175384615384616,-0.953846153846153,-0.09630769230769234,0.030374248520710058,0.031292591715976315,0.041974059171597675,Walk-Flat Ground,0
41,0.608,-0.48,0.544,-0.512,-1.792,-0.608,0.04820779220779221,-0.9508571428571427,-0.12176623376623383,0.030098242536684083,0.026753187384044523,0.035774542755945375,Walk-Flat Ground,0
42,0.256,-0.768,0.224,-0.512,-1.28,-0.544,0.006153846153846153,-0.9366153846153852,-0.14769230769230773,0.03363597633136096,0.015640236686390536,0.029386982248520727,Walk-Flat Ground,0
43,0.384,-0.736,0.224,-0.16,-1.376,-0.576,0.07573333333333333,-0.9525333333333339,-0.13226666666666667,0.016553528888888894,0.011037582222222222,0.02544526222222222,Walk-Flat Ground,0
44,0.832,-0.512,0.608,-0.704,-1.536,-0.576,0.12709859154929581,-0.9464788732394362,-0.05273239436619719,0.05892966633604443,0.03702731997619519,0.048001041063281104,Walk-Flat Ground,0
45,0.832,-0.48,0.768,-0.704,-1.76,-0.608,0.150909090909091,-0.9414545454545454,-0.016363636363636358,0.06672171900826444,0.057034975206611584,0.06681586776859504,Walk-Flat Ground,0
46,0.8,-0.48,0.768,-0.416,-1.76,-0.608,0.18803809523809534,-0.9310476190476185,-0.06217142857142859,0.0390035795011338,0.037985988208616754,0.05306911346938777,Walk-Flat Ground,0
47,0.8,-0.544,0.384,-0.128,-1.568,-0.544,0.194488888888889,-0.9308444444444438,-0.11306666666666673,0.025901005432098802,0.015647731358024688,0.024921884444444403,Walk-Flat Ground,0
48,0.704,-0.224,1.504,-0.224,-1.184,-0.256,0.05563963963963965,-0.9032072072072069,0.17700900900900907,0.024072518789059326,0.03497623634445258,0.07162132424316207,Go Up Stairs,0
49,0.8,-0.224,1.504,-0.224,-1.376,-0.256,0.09518644067796614,-0.8729491525423717,0.23538983050847473,0.03881588049411086,0.061108251651824194,0.11702281413386965,Go Up Stairs,0
50,0.8,-0.224,1.312,-0.192,-1.376,-0.352,0.12094915254237294,-0.8569491525423727,0.28583050847457636,0.03901848893995978,0.06250106521114619,0.12100085262855506,Go Up Stairs,0
51,1.28,0.16,2.592,-0.32,-2.272,-0.352,0.12393220338983055,-0.8436610169491522,0.3246101694915254,0.04739118184429764,0.09303934271760993,0.1419763056592933,Go Up Stairs,0
52,1.28,0.16,2.592,-0.32,-2.272,-0.192,0.07370786516853935,-0.8920449438202233,0.2085393258426967,0.038230970837015536,0.08382579573286204,0.12987800126246687,Go Up Stairs,0
53,0.608,-0.384,0.736,-0.864,-2.464,-0.096,0.07138461538461541,-0.9329230769230763,0.176879120879121,0.02973148943364328,0.06515167540152156,0.03977487549812824,Go Down Stairs,0
54,0.608,-0.384,0.736,-0.864,-2.464,-0.224,0.10392380952380958,-0.9148952380952372,0.26209523809523827,0.03198353705215422,0.07200563664399098,0.027308524263038553,Go Down Stairs,0
55,0.512,-0.448,0.48,-0.384,-1.728,-0.256,0.09483636363636369,-0.9242181818181816,0.21585454545454558,0.025598645950413227,0.052442425123966956,0.022778160661157027,Go Down Stairs,0
56,0.672,-0.448,0.64,-0.448,-1.92,-0.256,0.06796190476190478,-0.9508571428571421,0.18133333333333346,0.033152150929705235,0.07292273197278906,0.02964073650793649,Go Down Stairs,0
57,0.672,-0.672,0.64,-0.448,-1.92,-0.192,0.016987654320987654,-0.968691358024691,0.0963950617283951,0.023010580094497784,0.045814830666056995,0.02691460935832953,Go Down Stairs,0
58,0.672,-0.32,1.12,-0.16,-1.184,-0.256,0.12605217391304357,-0.9043478260869559,0.15193043478260876,0.024883858147448024,0.029599600756143662,0.07379644733459355,Go Up Stairs,0
59,0.672,-0.32,1.216,-0.16,-1.184,-0.256,0.14657142857142863,-0.844857142857143,0.2780000000000002,0.03775338775510205,0.04980040816326531,0.12847599999999998,Go Up Stairs,0
60,0.64,-0.288,1.376,-0.16,-1.184,-0.224,0.12342857142857148,-0.8437142857142853,0.29228571428571437,0.02841338775510201,0.04485477551020407,0.12727763265306127,Go Up Stairs,0
61,0.736,-0.288,1.472,-0.224,-1.344,-0.224,0.09103448275862072,-0.8822068965517234,0.23062068965517252,0.026546378121284183,0.03594988822829968,0.12251837336504158,Go Up Stairs,0
62,0.832,-0.192,1.472,-0.224,-1.344,-0.256,0.11545098039215693,-0.8771764705882348,0.25976470588235306,0.030783384851979997,0.045544968858131474,0.12965233679354085,Go Up Stairs,0
63,0.832,-0.192,1.216,-0.096,-1.28,-0.256,0.10262068965517245,-0.8904827586206892,0.1463908045977012,0.022531246928260005,0.03755153705905674,0.11218407715682377,Go Up Stairs,0
64,0.256,-0.576,0.48,-0.224,-1.248,-0.128,0.03642553191489363,-0.9385531914893614,0.12527659574468095,0.007987223177908554,0.007045736532367586,0.019971476686283383,Go Down Stairs,0
65,0.32,-0.576,0.864,-0.224,-1.632,-0.128,0.05313207547169813,-0.9304150943396218,0.23033962264150962,0.015995397650409415,0.020474167319330716,0.02207241295834817,Go Down Stairs,0
66,0.32,-0.672,0.864,-0.224,-1.824,-0.128,0.055779816513761495,-0.922422018348623,0.21900917431192676,0.016241272620149835,0.02562525309317397,0.0253684127598687,Go Down Stairs,0
67,0.384,-0.672,0.544,-0.32,-1.824,-0.256,0.03773584905660378,-0.9258867924528295,0.1702641509433963,0.01978053399786401,0.03996051548593803,0.02495366607333571,Go Down Stairs,0
68,0.416,-0.672,0.512,-0.48,-1.824,-0.256,0.037052631578947365,-0.9381052631578943,0.12261052631578954,0.026307439335180056,0.05075295734072026,0.03420489041551247,Go Down Stairs,0
69,0.416,-0.672,0.512,-0.48,-1.824,-0.256,0.01745454545454545,-0.9487272727272716,-0.016000000000000042,0.01454333884297518,0.024763107438016428,0.02957963636363647,Go Down Stairs,0
70,0.672,-0.288,1.312,-0.128,-1.248,-0.224,0.07779816513761469,-0.9059816513761464,0.13064220183486244,0.026311482198468128,0.027351082232135348,0.08079507381533542,Go Up Stairs,0
71,0.672,-0.288,1.504,-0.128,-1.312,-0.224,0.13100854700854705,-0.8631794871794864,0.25654700854700874,0.03147238454233326,0.04872247205785669,0.12238958112352988,Go Up Stairs,0
72,0.576,-0.288,1.504,-0.128,-1.312,-0.192,0.11618018018018024,-0.8648648648648647,0.27041441441441455,0.022840327895463017,0.04528588263939615,0.10822552195438678,Go Up Stairs,0
73,0.576,-0.256,1.44,-0.128,-1.216,-0.16,0.1289142857142858,-0.8484571428571422,0.2901333333333335,0.022692954557823122,0.045974952925170114,0.10460923936507942,Go Up Stairs,0
74,0.928,-0.128,1.984,-0.16,-1.696,-0.192,0.11074509803921576,-0.8508235294117631,0.255686274509804,0.02956893502499035,0.0626317139561708,0.13790860745866987,Go Up Stairs,0
75,0.32,-0.8,0.64,-0.128,-1.184,0,0.029890109890109907,-0.9455824175824175,0.13573626373626382,0.004519152759328584,0.002346506943605844,0.028702172201424948,Go Down Stairs,0
76,0.32,-0.544,0.64,-0.416,-1.568,0,0.05714285714285717,-0.920285714285714,0.27114285714285735,0.011802122448979597,0.015657061224489805,0.03337069387755104,Go Down Stairs,0
77,0.384,-0.544,0.672,-0.416,-1.568,-0.032,0.09192727272727279,-0.9061818181818176,0.3136000000000001,0.017577594710743803,0.029769203305785114,0.028873076363636355,Go Down Stairs,0
78,0.544,-0.576,0.672,-0.256,-1.952,-0.16,0.07712000000000002,-0.9369599999999996,0.23456000000000019,0.022960025600000003,0.05976227839999998,0.033465446399999974,Go Down Stairs,0
79,0.544,-0.608,0.544,-0.64,-2.368,-0.256,0.03914893617021277,-0.9576170212765953,0.1426382978723405,0.026801658669081043,0.07920181077410597,0.03378469895880488,Go Down Stairs,0
80,0.416,-0.672,0.544,-0.64,-2.368,-0.256,0.02232558139534884,-0.9525581395348826,0.039069767441860456,0.016099893996755012,0.038427967550027115,0.029515041644131934,Go Down Stairs,0
81,0.928,-0.128,0.896,-0.736,-2.528,-0.512,-0.0005470085470085451,-0.9785982905982901,0.059623931623931606,0.04757631616626487,0.137220189056907,0.057272337205055146,Run-Flat Ground,0
82,0.928,-0.128,0.896,-0.736,-2.528,-1.152,-0.005423728813559323,-0.9830508474576264,0.09925423728813564,0.08374766791151968,0.20995272622809535,0.09188907095662162,Run-Flat Ground,0
83,0.928,0.096,1.216,-0.864,-2.336,-1.152,0.010181818181818183,-0.9538909090909088,0.08727272727272727,0.06769443966942154,0.20654071537190097,0.09009168925619837,Run-Flat Ground,0
84,0.64,0.096,1.216,-0.992,-2.4,-0.736,0.00034408602150537096,-0.9689462365591397,0.1345376344086022,0.06931256977685285,0.21410112614175036,0.09798599051913515,Run-Flat Ground,0
85,0.608,-0.16,1.184,-0.992,-2.4,-0.736,-0.0019200000000000011,-1.01056,0.13216000000000006,0.0783937536,0.20902256640000008,0.09315645439999991,Run-Flat Ground,0
86,0.8,-0.16,1.184,-0.928,-2.4,-0.544,0.0022260869565217385,-0.9853217391304347,0.10212173913043483,0.07543267931947069,0.22459428778827964,0.07572071561436669,Run-Flat Ground,0
87,0.8,-0.192,1.344,-0.928,-2.4,-0.608,-0.001811320754716986,-0.9672452830188671,0.09992452830188682,0.0746134738341047,0.1923822228551086,0.09385448487006057,Run-Flat Ground,0
88,0.672,-0.192,1.344,-0.864,-2.144,-0.608,0.007666666666666666,-0.9706666666666665,0.11000000000000006,0.07041588888888882,0.1874915555555555,0.09399066666666668,Run-Flat Ground,0
89,0.768,-0.064,0.928,-0.832,-2.208,-0.512,0.01869306930693069,-0.95239603960396,0.08522772277227723,0.061992905793549644,0.2123461401823351,0.06919152239976474,Run-Flat Ground,0
90,0.768,-0.064,1.408,-0.672,-2.208,-0.64,0.0014414414414414395,-0.9649009009009,0.09081081081081083,0.06390105738170601,0.21663039558477418,0.08735440564889217,Run-Flat Ground,0
91,0.8,-0.192,1.44,-0.672,-2.144,-0.64,-0.012800000000000018,-1.0030545454545448,0.09221818181818178,0.06639615999999995,0.20786150611570256,0.11233711603305785,Run-Flat Ground,0
92,0.8,-0.192,1.44,-0.928,-2.048,-0.544,0.016470588235294112,-0.9985882352941173,0.12611764705882356,0.07018895501730105,0.21846012456747407,0.119262339100346,Run-Flat Ground,0
93,0.544,-0.32,0.768,-0.928,-1.696,-0.512,0.03657142857142855,-0.9188571428571428,0.1782857142857143,0.10003853061224491,0.20427755102040818,0.08465763265306123,Run-Flat Ground,0
94,1.056,0.544,1.728,-0.448,-2.752,-0.384,0.07745794392523364,-0.9734579439252331,0.22071028037383186,0.07857118281072581,0.34534710804437074,0.15036405624945412,Run Up Stairs,0
95,1.056,0.864,1.728,-1.344,-3.104,-0.48,0.12352688172043011,-0.8987526881720432,0.38468817204301087,0.19774412024511515,0.7080719065787954,0.22576399953751863,Run Up Stairs,0
96,1.216,0.864,1.728,-1.344,-3.104,-0.48,0.1358688524590164,-0.8676721311475405,0.37822950819672146,0.22869296640687983,0.7866031711905405,0.21237116044074175,Run Up Stairs,0
97,1.216,0.128,1.312,-0.512,-2.4,-0.064,0.23199999999999998,-0.8352,0.45920000000000016,0.1318784,0.67490816,0.13683456,Run Up Stairs,0
98,0.992,0.48,1.728,-0.736,-2.56,-0.416,0.10676363636363641,-0.9140363636363632,0.0945454545454545,0.06436821685950413,0.21894101685950412,0.1488595570247934,Run Up Stairs,0
99,1.28,0.832,1.76,-1.312,-3.328,-0.448,0.14942372881355936,-0.966779661016949,0.33111864406779656,0.1975982441827061,0.6409172904337835,0.2324371893134156,Run Up Stairs,0
100,1.28,0.832,1.76,-1.312,-3.328,-0.576,0.14913761467889916,-0.9837798165137609,0.31853211009174326,0.20536780675027355,0.8023538597761131,0.2398487076845385,Run Up Stairs,0
101,0.992,0.704,1.536,-0.672,-2.72,-0.576,0.20105660377358495,-0.9322264150943397,0.2523773584905661,0.10338061943752225,0.7013448543965827,0.1972904236383054,Run Up Stairs,0
102,1.056,0.544,1.472,-0.8,-2.304,-0.576,0.12828828828828834,-0.9282882882882884,0.10666666666666665,0.07536078175472773,0.3215451421150879,0.13687159159159157,Run Up Stairs,0
103,1.344,0.704,1.504,-1.024,-2.752,-0.608,0.19525423728813568,-0.9244745762711863,0.30210169491525424,0.2017347658718759,0.6753676391841421,0.19441320999712727,Run Up Stairs,0
104,1.472,0.768,1.504,-1.024,-2.752,-0.96,0.15551401869158876,-0.9441495327102802,0.2796261682242992,0.2337676890558128,0.6863742580138003,0.21006999109092492,Run Up Stairs,0
105,1.472,0.768,1.184,-0.736,-2.4,-0.96,0.11918840579710145,-0.9553623188405793,0.1576811594202899,0.12887215290905266,0.4287228397395505,0.17313966645662662,Run Up Stairs,0
106,0.128,-0.928,-0.032,0.096,-0.96,-0.064,0.1046153846153847,-0.9590769230769213,-0.03538461538461541,0.0002014674556213021,2.8686390532544196e-05,9.68520710059173e-05,Stand Still,0
107,0.128,-0.928,0,0.096,-0.96,-0.064,0.10270476190476198,-0.9593904761904744,-0.03748571428571432,0.00016959854875283424,1.913324263038536e-05,0.00016495455782312938,Stand Still,0
108,0.128,-0.928,0,0.096,-0.96,-0.064,0.10341052631578955,-0.9593263157894725,-0.043452631578947395,0.0001822209418282549,2.1104044321329535e-05,0.00025687933518005527,Stand Still,0
109,0.128,-0.832,-0.032,0.064,-0.96,-0.064,0.10509090909090917,-0.9559999999999989,-0.05418181818181822,0.00023153719008264472,0.0002516363636363634,0.00021778512396694195,Stand Still,0
110,0.128,-0.832,-0.032,0.064,-0.96,-0.064,0.10297029702970305,-0.9565148514851467,-0.046891089108910926,0.0001947416919909816,0.00022104185864130942,0.00025477031663562373,Stand Still,0
111,0.128,-0.928,-0.032,0.096,-0.96,-0.064,0.1023296703296704,-0.9589450549450538,-0.0365714285714286,0.00016248472406714154,3.264533268928847e-05,0.00012538775510204103,Stand Still,0
112,0.128,-0.928,0,0.096,-1.024,-0.064,0.10206315789473691,-0.9599999999999986,-0.03570526315789476,0.0001572591689750693,6.467368421052629e-05,0.00014795523545706367,Stand Still,0
113,0.128,-0.928,0,0.096,-1.024,-0.064,0.10108411214953278,-0.9602990654205589,-0.03469158878504675,0.00013684339243602087,6.69012140798325e-05,0.00011716656476548139,Stand Still,0
114,0.128,-0.928,0,0.096,-0.992,-0.064,0.10026666666666674,-0.9593904761904745,-0.03443809523809527,0.00011832888888888909,3.8638004535147355e-05,9.157950113378673e-05,Stand Still,0
115,0.128,-0.928,0,0.096,-0.96,-0.064,0.09962264150943403,-0.9587924528301869,-0.03954716981132078,0.00010280099679601273,3.718333926664282e-05,0.00020387041651833394,Stand Still,0
116,0.128,-0.928,-0.032,0.096,-0.96,-0.064,0.09885714285714294,-0.9591428571428551,-0.040857142857142884,8.326530612244895e-05,2.669387755102022e-05,0.00020497959183673442,Stand Still,0
117,0.128,-0.928,-0.032,0.096,-0.96,-0.064,0.09737931034482766,-0.9591724137931013,-0.03834482758620692,4.223543400713447e-05,2.579785969084413e-05,0.00016277764565992889,Stand Still,0
118,0.128,-0.928,-0.032,0.064,-0.992,-0.064,0.0966336633663367,-0.9593663366336617,-0.04752475247524756,4.015292618370749e-05,4.015292618370731e-05,0.0002557741397902168,Stand Still,0
119,2.5286411841543743,2.3115551578311293,2.0910485903017886,-2.540809309603726,-3.3709103848098954,-2.8591251097047774,-0.17932117031335496,-0.9634870541364967,-0.19733990094027773,1.253078528619707,1.0635903530839421,0.9907367917355822,Fall,1
120,2.223638350839664,1.69109322537276,2.249017996226748,-2.3450566740900936,-3.926619244922932,-2.219709271975213,0.20052857487756368,-1.0419770301771032,0.18678537164231615,0.8701224487937305,1.2869816396535338,0.7809851147516065,Fall,1
121,2.03303156401637,0.810275181621692,3.4585720210254745,-2.607740360666843,-3.734717103608263,-2.3979142783678697,0.09600321710050239,-1.0637891064943332,-0.220204470322527,1.1326935434104952,1.0532624774449795,1.39700057358966,Fall,1
122,2.486601490480709,1.617757181695128,3.3188407354174916,-2.165793274307427,-3.420428414182554,-2.730453186083475,-0.02912641088773892,-0.942023061959905,0.07380667726681613,0.7924683519856859,1.3191498673891213,1.2074820014555103,Fall,1
123,3.3178795255228715,1.4704169696551195,2.2108901200209647,-2.6910719412626882,-3.2671709055031344,-2.212785632857133,-0.07436054189471962,-0.9897954834697654,-0.06363616666150598,1.4539599059795973,0.9645347991137603,0.8151124818155598,Fall,1
124,2.6237409572408263,1.401788626599954,2.3448875886752196,-2.511705820820697,-3.885870015626558,-2.021318334949936,0.13452226814409818,-0.8968177817661317,0.03794752402669014,0.9709520503650209,1.060175304385743,0.7912960440078021,Fall,1
125,2.0842684126871824,1.5065194248209872,2.1100452425500724,-3.195280199153803,-3.7320182760283074,-2.5906983470683502,-0.2663955568999806,-1.1764921035333595,-0.1271604158383574,0.7407917170782785,0.9925151255397461,1.1274617972021712,Fall,1
126,2.8776326619852672,1.9684419410649383,2.037923373289143,-1.7028510941297677,-3.363891039572771,-3.3815909186102004,0.17451808984445874,-0.8320396089763392,-0.15876253091263806,1.1101933273030513,1.1494903647091792,1.485920261679679,Fall,1
127,2.6207799019389375,1.140666015131563,2.9730010317134634,-2.0055475731280668,-3.3683543204800412,-2.126755026673986,0.11409882367105269,-0.9991103077496947,0.013415183900274453,0.9602008402886535,0.9739720431728477,1.0939640658364602,Fall,1
128,2.831949208530997,1.3466634041800583,2.065655795883236,-2.1132439612623135,-3.59824460021152,-2.3435324823234702,-0.004916977306388077,-1.0608465497961463,-0.17955157273004843,1.1698066406941516,1.1614810070747963,0.8775823445322749,Fall,1
129,0.192,-0.768,0.288,0,-1.056,-0.256,0.02297435897435898,-0.9357948717948715,-0.11117948717948725,0.0019402813938198553,0.001580265614727153,0.007265788297172914,Fall,1
130,2.0794005913559026,1.6976876800878928,1.9309533187263912,-2.0520277139020013,-2.509483721691615,-1.5123241929896551,-0.1696970032724185,-0.5820406046148068,-0.14255723282884705,0.9270813675541938,0.9439075250088119,0.598931159857399,Fall,1
131,3.1408611792214076,0.46088225410917716,1.63764928479551,-1.533154876812787,-3.1429665682687404,-2.8918564168202323,0.12506082237832528,-0.9846761574985224,-0.17154602523096438,1.2154921686197868,0.8333128924725509,1.1527416093094716,Fall,1
132,2.1472904192877293,1.1253778502527236,1.2161350578358359,-2.127081986258402,-3.291448019686008,-1.7486876311025343,0.21291680012891848,-1.0993554897636333,-0.14408000195004206,1.0691205841145046,1.2502618557311185,0.6222388833700679,Fall,1
133,2.1532195142295443,0.3886383963016872,1.6820990318919617,-2.1045029858039337,-2.8680319302049244,-2.048143935808052,0.20457443674005735,-1.1849454575120153,0.10223358738877997,0.889773939354045,0.9364698713282972,0.8780975811250448,Fall,1
134,1.7676257668725983,0.37228883451964334,1.792565743479018,-1.6248377495162063,-2.6024206642792516,-2.006386558161475,0.1533735555507779,-0.9628549735177392,-0.0844121843126162,0.7148931810694821,0.6083615953311117,0.8772868398175804,Fall,1
135,2.096917376616957,1.0868571946309684,2.7036578505644124,-1.6130201496110395,-3.047610436291354,-1.9317971163153471,0.16084565112153346,-0.9799204212070072,0.12437148729009599,0.7395399778529504,1.1965701993728426,1.1401620594302646,Fall,1
136,1.5549409895561643,1.3812819119968407,1.531555171968231,-1.2905266904741841,-3.4032547507740936,-2.2833253979899397,0.22111012275046185,-0.935955704571339,-0.17248365088755696,0.7857409967539135,1.3825523720318185,1.0971485232287788,Fall,1
137,1.123343347312448,0.7981982716036725,1.7333896376583782,-2.246572281541853,-2.847980911474811,-1.9492397470540215,0.0023046050784010625,-1.239609603392173,-0.10279453001701083,0.7029910653250552,0.6499064307420647,0.9667714770890105,Fall,1
138,1.7046887760179106,1.2499469521728952,2.4143161181872688,-1.8873289823431694,-1.9816527131264796,-2.531601945141295,-0.12507077406127962,-0.7087158636086945,-0.10456784471713791,0.9039261459378531,0.8746203719769807,1.1626539413136443,Fall,1
139,1.0698988245192285,0.775724370409462,1.5542753185827922,-1.6409418102282987,-2.613051893640229,-1.359114572013022,-0.32101676495772824,-0.8344086679825795,-0.22263917013668133,0.707358851381338,0.8058917899332172,0.49800492735544594,Fall,1
140,0.192,-0.768,0.288,0,-0.96,-0.192,0.07314285714285715,-0.8960000000000005,-0.0579047619047619,0.0034272653061224495,0.0025356190476190487,0.021027990929705215,Fall,1
141,1.8945836373909215,0.8807786784568656,2.463600462119413,-1.8631967593534975,-4.410910415840402,-2.7261828312420517,-0.0798975486304476,-1.001810843201241,-0.17206463189269536,0.6992040003171917,1.0515439642674371,1.0290322917715333,Fall,1
142,2.7833250948388306,1.291759966539078,1.6652303040891057,-2.444286924348997,-2.6409702551405467,-2.2761838436714763,0.2745842155680662,-0.9811853654749275,-0.30954118880751047,1.2312369681402608,1.006794182890045,0.8418583406214233,Fall,1
143,1.9985578461542,1.0911901477442019,2.1706994854946626,-2.0910651565054867,-3.4110102722097957,-2.2342816722134655,-0.08078872468414196,-1.2694028322206792,-0.09690855122972182,0.7608726472835469,1.0426793135584382,0.749358546602486,Fall,1
144,1.5090508667660487,1.0544895967743937,2.3984639325456465,-2.859606481232232,-3.1876491874578097,-2.3435693393459816,-0.1471669115080165,-1.0148346807947861,-0.05892361746022521,0.8835374005534297,0.8016914412726465,0.8574729862311953,Fall,1
145,3.100808464094859,0.736875143174309,2.1708038732521624,-1.4770459591210774,-2.7802223363046616,-1.7255338371561426,0.20054557748052992,-0.9351313314750914,0.07784144885721048,1.0560779246884942,0.8149453765166003,0.9594888310964607,Fall,1
146,2.0841441888482137,1.3338761275730024,2.3261305631440377,-2.1206366433329418,-2.838509751737228,-2.8879935037663413,-0.0524762518346645,-0.9212104656277252,-0.06271639550583316,0.8188703945685545,0.8211423794572373,1.0121174844558454,Fall,1
147,2.393274338832699,0.7920703878627267,2.064849397449286,-2.160510487820974,-3.083030711272606,-2.820646729415596,0.11897138791320047,-1.0632110968398396,-0.08199802086750342,1.0304820583473768,0.6179017066751963,1.108534687461493,Fall,1
148,1.7876050565237858,1.6357943825918624,1.4619305968247092,-2.8028115787269012,-2.3419091889316084,-2.5695361139671276,-0.04924609773449724,-0.7497609456840058,-0.42886523232782775,0.7766479385040035,0.9223888993718545,1.2100663551903457,Fall,1
149,1.699279277994357,1.587013024394257,2.7303634623656343,-1.7970835099104447,-2.6341200418861983,-2.437933923856355,0.15665141423896234,-0.8751789469975808,-0.11228654703835092,0.6802763941920567,1.0268064763780478,0.9234093049316129,Fall,1
150,2.565956388455698,1.067273600426153,1.9607460730326367,-2.403155319550552,-2.816798179788635,-2.421023611513341,-0.11827968940081027,-0.8496336803830943,-0.23606626989485807,1.0438091280202801,0.8168125213150436,0.744343178404174,Fall,1
151,0.096,-0.896,-0.064,0.064,-0.96,-0.192,0.07466666666666671,-0.9450666666666666,-0.12160000000000008,0.0002275555555555555,0.000357262222222221,0.0008465066666666665,Fall,1
152,2.3651642018183017,1.6391644984676974,3.1617948771789868,-1.9188411596426174,-3.287552610345721,-2.5479978131406664,0.13895612686443964,-0.954055089025983,-0.025107226792999978,0.8952425729994954,1.147953561765855,1.1879370802823974,Fall with Wiggling Hands,1
153,2.6875684883900437,1.559691440474993,2.5045156286739396,-1.9378693447787265,-2.7907845655764603,-2.3056557641495568,0.20925178853520537,-0.8439396260299669,-0.0417358521332062,0.9466153740466376,0.7892817101433565,1.0724385599708401,Fall with Wiggling Hands,1
154,2.68538390801643,2.6127020573442716,2.658986343520544,-2.1546311876300894,-3.2708928781884508,-2.186540766765501,-0.06872066129598249,-0.825151293576191,-0.25053068469639134,1.0170612799628178,1.1593890773692739,0.8490949128919362,Fall with Wiggling Hands,1
155,2.953178960976853,1.48328724947594,2.197376447917029,-2.549377847953812,-3.5176326014778363,-2.3548247317084483,0.03368927767851898,-0.9461800324592438,-0.034699356343641685,1.066033540280798,1.1460414923958553,0.92431943659324,Fall with Wiggling Hands,1
156,2.294656852982236,1.260183700807026,2.5688257672630255,-2.538757661904794,-3.6236619380071846,-2.2594210227659293,0.08728431999238068,-0.9602099883796356,-0.20209911975670952,0.9499139045983006,1.1789285133900695,1.1257794763193603,Fall with Wiggling Hands,1
157,2.3703301314400935,1.1230179694990525,2.362549766727213,-2.1952301541287524,-3.1858983606906928,-2.963311129681913,0.06867468807098946,-0.9064416519636321,-0.10044959447209012,0.965632368564571,0.9362943933059278,0.8624451038457989,Fall with Wiggling Hands,1
158,2.924985281285013,2.0660993463698785,2.9248889077022495,-2.238298701586316,-2.9248239901808217,-1.791023138183316,0.08529320752180936,-0.9049566983817654,-0.12662820824692778,1.132075739256405,0.861800900082828,0.9266067345368468,Fall with Wiggling Hands,1
159,1.964311591056903,1.7549449672815256,2.1455131422279443,-3.140231664297128,-2.956090607566664,-2.1682130892748814,0.024347770795757222,-0.9747394943656772,-0.18777758450811033,1.1129106233772694,0.9853868606899582,0.7568064210014146,Fall with Wiggling Hands,1
160,2.2151536798858333,1.8468945069954605,2.9700220007335996,-1.8574449840756349,-2.977186068521026,-3.783635251756129,0.19759628749720493,-0.8789190213752456,-0.08501321210471809,0.743829630610254,0.9348111558940143,0.9743683521822879,Fall with Wiggling Hands,1
161,3.634574237320716,1.9189303071334847,1.8741400549705387,-2.407011318005489,-2.7672717282538795,-1.9852151315457371,0.14165843352812163,-0.8809180582795119,0.03371846364625202,0.9649861755237262,1.0415762490734,0.8378847134468294,Fall with Wiggling Hands,1
162,0.704,1.248,0.864,-0.224,-1.088,-0.32,0.09658181818181825,-0.9006545454545449,-0.1114181818181819,0.009345988760330578,0.055050917024793394,0.016732752396694216,Fall with Wiggling Hands,1
163,2.0090442146235787,1.8914668972389934,2.2425645924407016,-2.669779347282212,-3.172586596586804,-2.849236804444508,0.10549885728892218,-0.6307610763288161,-0.2979869573201436,0.8481260905908558,1.199530272842107,1.1598916944084792,Fall with Wiggling Hands,1
164,1.9854160644894867,2.3081206259761213,2.287127043662136,-2.3325623737421695,-2.573808441848758,-3.7160744336977087,0.05059248624907712,-0.5560117425064716,-0.06779313381853017,0.947328624447162,1.137221558708276,1.155690071638317,Fall with Wiggling Hands,1
165,2.02869133818351,2.179601927117745,1.5314093762191714,-2.3011583274032126,-3.407418412166702,-3.1611241170987956,-0.07701470625087503,-0.5967554416145289,-0.4308964934353806,0.7592950831535424,1.415836976520959,1.0094302850109804,Fall with Wiggling Hands,1
166,2.089938374952949,2.4454904123940344,3.577681104456587,-2.636746473125329,-2.7927256134873972,-3.061320739023826,0.031659143669206496,-0.48282602123086693,-0.22760261277650445,0.9882692439431263,1.3383223083033358,1.2692649431118024,Fall with Wiggling Hands,1
167,2.6688473845162712,1.6382316265645556,2.163207924415951,-2.640300263609662,-4.604578961259335,-3.5907007089467524,0.004058864861795762,-0.7428344877160629,-0.25211416954400206,1.0530220406662254,1.0513624904573866,1.2364453367518107,Fall with Wiggling Hands,1
168,2.438553089311224,1.4222557309200767,2.7828161401247353,-2.3236320082259425,-2.9312999629651486,-3.262338259505111,0.11281745060031265,-0.6452975980506538,-0.2594651274270997,1.0511288071708185,1.2356751155402308,1.7323848812722664,Fall with Wiggling Hands,1
169,2.665812425824866,2.111576996528546,2.2828474839339497,-2.8724871558993086,-2.6735063505448964,-2.3621348552647534,-0.18186711552570625,-0.6012138968591489,-0.3771702360786449,0.8118237668127188,0.939059259729156,1.0760026949917845,Fall with Wiggling Hands,1
170,2.1222399036860504,1.7906326596454707,2.5436566953862316,-2.504305538146224,-3.7959355866205975,-2.680803182619519,0.146473015121481,-0.49414791603164104,-0.32186917399958337,1.0134925629077793,1.254287332482301,1.0213190012825115,Fall with Wiggling Hands,1
171,2.263775090359998,2.0162268489739708,2.990037125988807,-2.260303672994044,-3.3610644650979062,-3.4091303249673324,0.1073310062792889,-0.5989286025967635,-0.4879516123317807,1.075880067491273,1.1432248617438145,1.29643623034261,Fall with Wiggling Hands,1
172,2.5796717355747782,1.7531374683228078,1.7218653243217878,-1.9677931998443254,-3.2412900123966586,-2.748374350455609,-0.04467518915547258,-0.48898892077656597,-0.34606255131830416,0.8686569736156078,0.9722136014502623,0.8117008292430724,Fall with Wiggling Hands,1
173,0.864,1.248,0.864,-0.224,-1.12,-1.248,0.11061728395061732,-0.6186666666666668,-0.3535802469135805,0.02657468068891938,0.21059002469135796,0.17991809541228468,Fall with Wiggling Hands,1
174,2.839684440460141,1.3387587964381478,1.5896555508174697,-2.3413354276781506,-3.0524069582348785,-2.6248944193275365,0.08543404216620328,-0.8007257689955855,-0.26102926987661995,1.0756670701518898,0.9181282226549105,0.8898922602873487,Fall with Wiggling Hands,1
175,2.3220751280921674,1.842767115319785,2.127687394268698,-2.3659797094891446,-3.0115759636087427,-2.346953300729021,0.12622015555783708,-0.7983536654959831,-0.09353864622063549,0.9411243408457222,1.211348307449088,0.8043677687640026,Fall with Wiggling Hands,1
176,3.0352412475656974,1.375097820103448,3.098235230642924,-2.7716078160849764,-3.748144669507542,-2.4641227730215656,0.0364442567865197,-0.9247886263573091,-0.03280621254759519,1.094106706810687,1.1009348829924916,1.2069235970800969,Fall with Wiggling Hands,1
177,3.0779774834160785,1.6008353641438284,3.0672384251668667,-3.235271290729662,-3.4345089239163364,-2.7409976769025257,0.021776341118039604,-0.7448915220601201,-0.001621362994931429,1.1980902649756022,1.047223247734643,1.1576000908991264,Fall with Wiggling Hands,1
178,2.8913973304830822,1.871012561820081,1.561297658885919,-2.6694763930680896,-3.7215461760226374,-3.0777875257615683,-0.03784852360564535,-0.8510345091166177,-0.3156459893762722,0.9539251159595858,1.1902969479289136,1.1124531085528957,Fall with Wiggling Hands,1
179,3.031457481455648,1.277791931888196,3.4959881495698646,-2.4744357632842378,-3.3394703400680537,-3.0316326771147546,0.07588559193620281,-0.9650942872550626,0.05916922175085803,1.367293942148509,1.0823629681840095,1.2625982869015344,Fall with Wiggling Hands,1
180,2.6540986270184224,1.8800210108526816,3.121205691411537,-2.062666712038537,-3.2248591640792963,-2.5234019272770998,0.012097102291099854,-0.7806828055914098,-0.055973609161775253,0.8784341030065124,1.0515687889443097,0.9916015281796275,Fall with Wiggling Hands,1
181,2.6923699487832593,1.7584182775111503,2.615055479777881,-2.147159276672499,-2.9279573818794926,-2.9466136699610233,0.09080568663814409,-0.9802118745536561,0.06149319486021627,1.003631077378538,0.9166161365278226,1.0527395559925778,Fall with Wiggling Hands,1
182,2.5113235729154897,1.852535600742809,2.791102953712416,-2.505622812982716,-3.3403210182452314,-2.545782402800158,0.08939321853527687,-0.7350782609374739,-0.11727256869224095,0.964956141273336,1.1946042568034163,1.1484785418917975,Fall with Wiggling Hands,1
183,2.4508477335239465,2.1236886837609696,2.470613642903858,-1.983869554382613,-3.3668781500561034,-2.481881929889169,0.12025895434129769,-0.9826697276829104,0.008792426408475496,1.0010702112861734,1.165390324369933,0.8512636990238645,Fall with Wiggling Hands,1
184,0.608,0.192,0.192,-0.096,-1.024,-1.056,0.0849345794392524,-0.9148411214953267,-0.07985046728971966,0.0067967340379072394,0.02756097475762075,0.01430487483623024,Fall with Wiggling Hands,1
185,3.301086333230884,1.6480672732950528,2.972439540609117,-2.9532891695329506,-3.5709865100084306,-3.4540597957311974,0.06581463574165226,-0.8963031093308489,-0.2700185603115199,0.9856935956562689,1.0193417480097622,1.071648224918819,Fall with Wiggling Hands,1
186,2.3743842435610687,1.292983417728509,2.9484629637435162,-2.2249373832804524,-3.6058235221275865,-3.904152931669651,0.031140994924029584,-0.9977925303304931,-0.3345712633716549,1.0648392941333986,0.9734689618964129,1.24113957817096,Fall with Wiggling Hands,1
187,2.992976833379253,1.3366434057122312,1.79281669108007,-2.566906136981875,-3.094013371804343,-2.2996074315161597,0.2972670245884784,-0.9060625845839887,-0.282104159570949,1.1207571578381752,1.0065537272943434,0.9794905287377271,Fall with Wiggling Hands,1
188,2.8939219502894096,1.7590172534591888,2.8908839436458678,-2.383621451080646,-2.9159077891318046,-2.7398052140577582,0.0302764598042375,-0.8155264831678786,-0.3102971488596844,1.0474989309843472,1.1074046268060334,1.0804813819863426,Fall with Wiggling Hands,1
189,3.1053359691256954,1.581354772159374,2.595235271462174,-2.1679430435945006,-3.577991996569206,-3.38048947703136,0.1186962108258613,-0.6343104680026204,-0.4477898999990003,1.100697268642231,1.1774564448601188,1.1381701311974668,Fall with Wiggling Hands,1
190,3.14523831141865,1.6325610929249872,2.5039342844318013,-3.0599054318436765,-4.424468354282018,-3.142926212821395,0.1711979575114621,-0.6673463639526709,-0.2592598808196635,1.0642799712398394,1.29591467408465,1.106694971373897,Fall with Wiggling Hands,1
191,2.3827006223934797,1.808036277999448,2.405501263801473,-1.7367027978383938,-3.2622589715483516,-3.516213121923576,0.14031652886383775,-0.5978000092957771,-0.263353564335983,0.7999670131270281,1.0340775594476475,0.9954183776344577,Fall with Wiggling Hands,1
192,3.0266446235355526,1.4757254308799075,2.2607861098665545,-2.0138939887098832,-3.2072928703234345,-3.645845115578445,0.12573359807367845,-0.844303498725611,-0.3557058612380023,0.9948932697847588,1.134234625706924,1.0464265817260534,Fall with Wiggling Hands,1
193,2.5902857705127795,1.7192265227042123,2.065965349026611,-3.0785551015162356,-4.596817075389775,-2.933025399049653,0.11251121276631433,-0.7324697253927865,-0.3282135145157769,1.1832335857902536,1.2196954620658622,1.2239684197646503,Fall with Wiggling Hands,1
194,2.0759956586259762,1.6330447666513097,2.2527831242208345,-2.3784290758360185,-3.0935648269403377,-2.9555216342259265,0.0539780398071441,-0.6670426704968057,-0.256814813360846,1.0985905820223705,1.1953993039333342,1.2189136730057937,Fall with Wiggling Hands,1
195,0.608,0.192,0.192,-0.48,-3.296,-2.048,0.12766315789473692,-0.8235789473684203,-0.3055157894736844,0.024284854958448766,0.12236714903047086,0.12412536554016625,Fall with Wiggling Hands,1
196,2.7405915448303193,1.6961671858789131,2.5534836484343404,-2.709992897269936,-3.5851630169107427,-3.144592054398106,-0.009024292853285319,-0.9602618147834759,-0.16081617775679127,1.1042081855915162,1.186143533701266,1.141184537581373,Fall with Wiggling Hands,1
197,2.4674386027346045,1.51654087481826,2.5355879969367083,-2.716845591276231,-3.5050486664468545,-2.977663550372447,-0.11349912148542182,-0.7631633287422586,-0.09932774592947542,0.9835718682150119,1.0246843609951113,1.119919033508163,Fall with Wiggling Hands,1
198,3.167942230052544,1.36435734792226,1.6446267368734058,-1.6197748893998947,-3.478389022700787,-2.9647412201472836,0.007385449184001396,-0.8324715864618435,-0.23283175262725617,0.6968967736284287,1.008300077025639,0.9801610402349152,Fall with Wiggling Hands,1
199,3.332861594705132,1.573377228815772,2.809895709385433,-1.9050762060850548,-3.743362711139114,-2.379118286755287,0.21255189342892875,-0.90454498691518,-0.22045284210567515,1.0482771573997791,1.2393059224634617,0.9222692650326341,Fall with Wiggling Hands,1
200,1.9937176176066649,2.188797696410918,2.689200456313666,-2.6742443156650917,-3.9789806957796783,-2.943590433987713,0.0372830411428435,-0.930017743771502,-0.05630033149037873,0.9636197201864954,1.1892125236835491,1.2623649695188195,Fall with Wiggling Hands,1
201,2.874931506632451,1.9229730803973195,2.018927347441689,-2.0291796979685466,-4.101040522691629,-2.5209637594727585,0.1543508632135743,-0.9251234967772715,-0.14516447876409277,0.7612005675724969,1.2763062994044494,1.1175501892532396,Fall with Wiggling Hands,1
202,2.514235058368366,1.7521272557397078,2.9077213879813306,-2.0115005687046046,-3.7981986894949333,-3.281205869397479,0.07141696758066468,-1.0123580935455985,-0.17668952477267363,0.7645712411006313,1.1772219099494436,1.1926624495415603,Fall with Wiggling Hands,1
203,2.8099516868362833,1.319801593649299,2.6371098868825453,-3.2400299664501317,-3.3394500140229186,-2.936113831311739,0.3011592561902639,-0.8982701756680911,-0.20128775478207397,1.1228823389002098,0.9353858205130275,1.1232194728342744,Fall with Wiggling Hands,1
204,2.4176090987933336,1.573743712233946,1.8428461212415488,-2.690527664756948,-2.8595131238055336,-2.9560902265702307,-0.10596182761060562,-0.9115227932909997,-0.13895216357587034,1.1107940732335924,0.8132288448697169,0.7254292256299909,Fall with Wiggling Hands,1
205,3.05000275482543,1.9033722198584857,2.4046644853540005,-3.1444097453863264,-2.599426609588443,-2.6644041113952963,0.03667605450070745,-0.8129269742321245,-0.08723573143083217,1.1090548198827026,0.772982245574987,1.034280257890145,Fall with Wiggling Hands,1
206,0.48,-0.256,0.864,-0.224,-1.504,-0.896,0.02734545454545455,-0.8957090909090903,-0.1701818181818183,0.007239426115702478,0.02700558809917355,0.05235305785123968,Fall with Wiggling Hands,1
207,2.73898418384561,2.5806559270345923,2.2878960307932226,-2.352589676464543,-3.2478029572118823,-2.997306616505029,0.05781645843849471,-0.8557374291165213,-0.26241705193023335,1.192398648396464,0.9457733508725616,1.2777703393758186,Fall with Wiggling Hands,1
208,3.4689364942186383,1.1800523163614236,2.5865460529752156,-2.145207293844973,-3.3041009430469686,-3.0031151210218945,0.17271255130824828,-0.7024505838405066,-0.4055235623680634,0.9493000731562862,0.8627482404169311,1.357968229354652,Fall with Wiggling Hands,1
209,2.656747321321716,1.6357380199263156,2.111474166116251,-2.497944193920643,-3.757644450941506,-3.7524231006749393,-0.14509892028478272,-0.7197303301286501,-0.3380028295989481,1.0557946778577016,1.0451020852153055,1.1893267343594234,Fall with Wiggling Hands,1
210,2.3246626808745074,1.0900831446561172,3.5186242337085,-3.025625143431734,-4.370828287798231,-2.9950347617550714,0.14663308766316283,-0.8175625307818762,-0.11634711072258945,1.3775515130837632,0.9582441919699513,1.3555621349357254,Fall with Wiggling Hands,1
211,2.058948648134545,1.465928340738329,2.5167186297688584,-3.3727252038787836,-2.947068922662506,-2.2336857625526463,0.06337350198369561,-0.7253442436548792,-0.16766942535379376,1.025409372697278,1.014496811628392,1.2219430335728665,Fall with Wiggling Hands,1
212,2.5078283229563927,0.8852738522106098,1.8170624978800105,-2.74037777347839,-4.007224247385145,-3.4332136155218476,0.05015835090314989,-0.8983821608887124,-0.4643412026728783,1.134152436961938,1.0798500592020188,1.373062073455306,Fall with Wiggling Hands,1
213,1.940527292149688,1.7629052373894059,2.4051388915834524,-3.24584157759832,-3.925879758028808,-3.1703692340293332,0.05091238169214294,-0.8022723158606234,-0.2770473092977862,1.0248104604164598,1.3479800937096262,1.422364135769843,Fall with Wiggling Hands,1
214,2.2324665166902413,1.158753136459493,2.3012103417967666,-2.857787268628796,-3.0409339688165735,-3.7222732414414414,0.010811385508621072,-0.740606738164491,-0.23427940188253069,0.9073024449319769,0.839376594128035,1.1303557235000548,Fall with Wiggling Hands,1
215,2.566385713773765,2.3016449940390187,2.509472817061939,-1.9092795561972111,-2.770248622521112,-2.8583223819871533,0.16922006877696438,-0.7436064332065898,-0.051622059246633205,0.9639591197550971,0.722666178246534,1.0995612616406398,Fall with Wiggling Hands,1
216,2.29041528462214,1.2775754931306826,1.9954533515083528,-2.8994040852820206,-3.1121781224788334,-3.7889859467465827,0.058201572969623604,-0.7926874513744657,-0.336747055130908,1.1271548801938807,0.8377980498625839,1.1822551308615845,Fall with Wiggling Hands,1
217,0.48,-0.256,0.864,-0.224,-1.504,-1.024,0.0841481481481482,-0.7857777777777772,-0.25046913580246927,0.019581015089163243,0.05160454320987656,0.18315163176345076,Fall with Wiggling Hands,1
218,0.384,-0.192,0.288,-0.544,-1.792,-0.352,0.04442352941176474,-0.9543529411764708,0.0470588235294118,0.009760385328719723,0.021472110726643602,0.005218502422145329,Try to Keep Balance,0
219,0.608,-0.192,0.288,-0.544,-2.144,-0.608,0.07188405797101453,-0.9544347826086955,-0.05286956521739129,0.0339376097458517,0.060607637051039706,0.023917852551984874,Try to Keep Balance,0
220,0.128,-0.928,0.128,0,-0.992,-0.032,0.05648979591836739,-0.9596734693877541,0.05616326530612249,0.0006436784673052896,7.303623490212394e-05,0.0006282182423990006,Try to Keep Balance,0
221,0.192,-0.928,0.128,0,-1.056,-0.064,0.061866666666666695,-0.9629866666666665,0.047360000000000034,0.0020024888888888893,0.0003870264888888891,0.0022216704000000004,Try to Keep Balance,0
222,0.224,-0.928,0.128,-0.064,-1.056,-0.064,0.06450793650793654,-0.9650793650793654,0.02692063492063493,0.003201773746535653,0.0004943270345175109,0.0023472794154698897,Try to Keep Balance,0
223,0.576,-0.256,0.704,-0.512,-2.496,-0.416,-0.011155963302752312,-0.960587155963302,-0.08543119266055052,0.01988581971214544,0.0405650864405353,0.013660630586650957,Try to Keep Balance,0
224,0.576,-0.256,0.832,-0.576,-2.496,-0.544,0.05420408163265307,-0.9645714285714281,-0.042122448979591845,0.042807550187421904,0.07084408163265304,0.04107696459808411,Try to Keep Balance,0
225,0.544,-0.416,1.056,-0.576,-1.728,-0.544,0.1027692307692308,-0.9710769230769232,-0.001230769230769233,0.03963417751479291,0.06576776331360944,0.0758138698224852,Try to Keep Balance,0
226,0.64,-0.224,0.352,-0.448,-1.536,-0.352,0.12906666666666677,-0.964977777777778,-0.009244444444444447,0.020080640000000007,0.021274421728395065,0.009312584691358023,Try to Keep Balance,0
227,0.832,0.096,1.024,-0.608,-1.792,-0.768,0.13233898305084746,-0.9778983050847458,-0.02440677966101695,0.08061683424303363,0.09553646423441542,0.06370803792013789,Try to Keep Balance,0
228,0.832,0.096,1.024,-0.608,-1.792,-0.768,0.10026666666666666,-0.9930666666666671,-0.07359999999999998,0.10873059555555557,0.13192419555555554,0.10316117333333337,Try to Keep Balance,0
229,0.544,-0.608,0.448,-0.32,-1.568,-0.48,0.12055813953488377,-0.9458604651162793,-0.06995348837209305,0.04066647917793404,0.030543887506760417,0.055832090859924285,Try to Keep Balance,0
230,0.544,-0.128,0.448,-0.32,-1.792,-0.608,0.10748717948717953,-0.9481025641025635,-0.04964102564102564,0.027542301117685703,0.04059527153188692,0.05512920447074291,Try to Keep Balance,0
231,0.48,0.096,1.056,-0.064,-1.216,-0.192,0.17469387755102053,-0.9162448979591831,0.016326530612244837,0.006189314452311537,0.030351940024989584,0.08625099541857562,Jump,0
232,1.536,0.544,2.016,-0.224,-4.096,-0.32,0.23476923076923095,-0.8873846153846152,0.2027692307692308,0.06986063905325443,0.7602063905325444,0.2091049467455621,Jump,0
233,1.536,0.544,2.016,-0.224,-4.096,-0.448,0.24441904761904773,-0.8374857142857141,0.21820952380952388,0.1013101482086168,1.204642516462585,0.17633827990929693,Jump,0
234,1.504,0.48,2.176,-0.16,-4.096,-0.448,0.21086315789473692,-0.8673684210526315,0.19873684210526318,0.1008369391689751,1.0670182116343494,0.16291074127423819,Jump,0
235,1.504,0.48,2.176,-0.288,-4.096,-0.32,0.21879069767441872,-1.0254883720930232,0.20948837209302337,0.11239853758788534,1.0698872731206053,0.18400224986479183,Jump,0
236,1.664,0.32,1.664,-0.288,-4.096,-0.416,0.22880000000000006,-1.0715999999999997,0.1448,0.13417215999999993,1.1403774400000004,0.14302655999999994,Jump,0
237,1.664,0.352,1.632,-0.256,-4.096,-0.672,0.18541176470588241,-1.0334117647058823,0.07670588235294118,0.11795753633217991,0.9902097716262979,0.1289980899653979,Jump,0
238,0.032,0.288,1.152,-0.128,-0.32,0.928,-0.035826086956521765,-0.17739130434782616,1.0139130434782604,0.002244839319470701,0.024830064272211735,0.0011782533081285448,Sitting Still,0
239,0.032,0.288,1.152,-0.192,-0.32,0.928,-0.09828571428571435,-0.0785714285714286,1.0288571428571431,0.0024999183673469457,0.012231102040816304,0.0008449795918367371,Sitting Still,0
240,-0.096,-0.064,1.056,-0.192,-0.096,0.992,-0.1313103448275863,-0.06731034482758626,1.0295172413793108,0.00014793816884661065,9.49726516052317e-05,0.00021673246135552992,Sitting Still,0
241,-0.128,-0.064,1.056,-0.16,-0.096,0.992,-0.1293793103448277,-0.06786206896551729,1.0289655172413796,4.223543400713444e-05,0.00010867063020214024,0.00018720570749108259,Sitting Still,0
242,-0.032,-0.064,1.056,-0.16,-0.096,0.992,-0.12800000000000009,-0.06888135593220343,1.0299661016949155,0.000104135593220339,0.00013237575409365135,0.0001900327492099973,Sitting Still,0
243,-0.032,-0.064,1.056,-0.16,-0.096,0.992,-0.12827118644067806,-0.0699661016949153,1.0321355932203393,0.0001300959494398156,0.0001553208848032176,0.0002288629704108018,Sitting Still,0
244,-0.096,-0.064,1.056,-0.16,-0.096,0.992,-0.12914285714285725,-0.07085714285714291,1.0311428571428576,5.3551020408163484e-05,0.00017240816326530585,0.00021412244897959257,Sitting Still,0
245,-0.128,-0.064,1.056,-0.16,-0.096,0.992,-0.12944144144144154,-0.07293693693693698,1.0291891891891896,4.404837269702142e-05,0.00020611314016719421,0.0001575768200633065,Sitting Still,0
246,-0.128,-0.064,1.056,-0.16,-0.096,0.992,-0.12882051282051293,-0.07439316239316245,1.02974358974359,2.5583168967784228e-05,0.0002245633720505515,0.00020331886916502372,Sitting Still,0
247,-0.096,-0.064,1.056,-0.16,-0.096,0.992,-0.12854237288135603,-0.07755932203389836,1.0294237288135597,3.441769606434928e-05,0.000250043091065786,0.00021356621660442444,Sitting Still,0
248,-0.096,-0.032,1.056,-0.256,-0.096,0.992,-0.1290940170940172,-0.07876923076923083,1.0313846153846153,0.00019135013514500704,0.0002719894806048651,0.00019927942143326815,Sitting Still,0
249,0.224,0.32,0.992,-0.032,-0.96,-0.16,0.02685714285714286,-0.9057142857142858,-0.05257142857142861,0.003136979591836735,0.04293191836734694,0.03589224489795918,Throw Himself on Sofa,0
250,0.448,0.576,2.176,-0.288,-0.96,-0.16,-0.027139240506329126,-0.31635443037974703,0.7242531645569621,0.01936756289056241,0.19245982374619452,0.35591588527479556,Throw Himself on Sofa,0
251,0.416,0.224,0.896,-0.128,-0.96,-0.096,0.058181818181818196,-0.8019393939393944,0.09503030303030302,0.007413421487603307,0.09470072359963269,0.07437869605142332,Throw Himself on Sofa,0
252,0.416,0.672,1.632,-0.256,-0.96,-0.096,-0.08574358974358978,-0.2900512820512822,0.7085128205128207,0.01568803681788298,0.17458779224194587,0.23798086522024967,Throw Himself on Sofa,0
253,0.864,1.888,2.528,-1.248,-1.696,-0.544,0.0186930693069307,-0.0500594059405941,0.4746138613861384,0.09153682658562891,0.6712657786491524,0.31673170238211934,Lie Still on Bed,0
254,0.672,1.888,2.528,-1.248,-0.416,0,-0.07897872340425535,0.3976170212765965,0.8503829787234036,0.07241427614305115,0.22858053417836133,0.16066972566772286,Lie Still on Bed,0
255,0.064,0.896,1.152,-0.32,-0.096,0.576,-0.20782795698924741,0.016172043010752656,0.9923440860215061,0.00452814244421321,0.044056744594750966,0.012386978379003379,Lie Still on Bed,0
256,-0.16,-0.032,1.056,-0.288,-0.064,0.992,-0.22010434782608712,-0.03366956521739133,1.0164869565217398,0.0002697630245746684,5.063863894139892e-05,0.0002017802646502841,Lie Still on Bed,0
257,-0.192,-0.032,1.056,-0.224,-0.064,0.992,-0.2203773584905662,-0.03260377358490568,1.0185660377358499,0.00010280099679601269,1.8956212175151285e-05,0.00016367960128159517,Lie Still on Bed,0
258,-0.192,-0.032,1.056,-0.224,-0.064,0.992,-0.21951401869158896,-0.03289719626168227,1.0186168224299073,0.00012342737356974391,2.790531924185516e-05,0.00016242326840772126,Lie Still on Bed,0
259,-0.192,-0.032,1.056,-0.224,-0.064,0.992,-0.21765517241379326,-0.032275862068965544,1.0162758620689665,0.0001627776456599286,8.751486325802622e-06,0.00020516527942925078,Lie Still on Bed,0
260,-0.192,0,1.024,-0.224,-0.032,0.992,-0.21620869565217407,-0.03172173913043481,1.0159304347826097,0.00018861731568998097,8.8269187145558e-06,0.00019310820415879048,Lie Still on Bed,0
261,-0.192,0,1.024,-0.224,-0.096,0.992,-0.21615094339622656,-0.032301886792452855,1.0179622641509443,0.00018956212175151333,4.8210751156995424e-05,0.0001567532929868283,Lie Still on Bed,0
262,0.096,0.064,1.184,-0.416,-0.224,0.896,-0.23363106796116523,-0.02889320388349517,1.0128155339805829,0.005007359034781788,0.0017400953907060054,0.0016445387878216606,Lie Still on Bed,0
263,0.096,0.064,1.184,-0.416,-0.224,0.896,-0.26996363636363657,0.0034909090909091,0.9984000000000011,0.004682980495867777,0.002333704462809913,0.0015788218181818157,Lie Still on Bed,0
264,-0.256,0.032,1.024,-0.288,0,0.96,-0.2877117117117119,0.027675675675675696,0.9905585585585598,9.142115088061E-06,0.00011967859751643526,8.09492735979224e-05,Lie Still on Bed,0
265,-0.288,0.096,0.992,-0.384,0,0.96,-0.28886486486486507,0.02911711711711714,0.9914234234234247,8.227903579254967e-05,0.0001392925898871845,1.8118009901793742e-05,Lie Still on Bed,0
266,-0.288,0.096,0.992,-0.384,0,0.96,-0.28946788990825706,0.02759633027522938,0.9905321100917439,0.00010118474875852157,0.00017789209662486352,4.481777628145789e-05,Lie Still on Bed,0
267,0.704,0.32,1.12,-0.352,-1.92,-0.384,0.012081632653061244,-0.9051428571428572,0.10285714285714287,0.019529462723865056,0.04913110204081633,0.08464195918367347,Lie Down,0
268,0.704,0.352,1.344,-0.896,-1.92,-0.384,-0.1904000000000001,-0.35488000000000036,0.5900799999999997,0.08991488000000009,0.26865858559999994,0.2137972736000001,Lie Down,0
269,0.192,0.352,1.344,-0.896,-0.256,0.448,-0.3017634408602152,0.04989247311827957,0.9562150537634413,0.04634200855590248,0.013751601341195538,0.02369182471962072,Lie Down,0
270,0.32,0.128,1.28,-0.352,-1.248,-0.256,0.04189690721649486,-0.8362886597938146,0.14218556701030927,0.00921306153682644,0.09656486512913169,0.15875101711127645,Lie Down,0
271,0.32,0.288,1.28,-0.864,-1.248,-0.256,-0.1996923076923078,-0.2947692307692311,0.6646153846153845,0.07830636686390534,0.21263110059171572,0.2062420828402366,Lie Down,0
272,0.224,0.288,1.248,-0.864,-0.288,0.576,-0.3431489361702129,0.01872340425531915,0.946382978723405,0.036328126754187486,0.008702029877772735,0.01375840651878678,Lie Down,0
273,0.48,0.352,1.216,-0.992,-1.312,-0.256,-0.04335483870967739,-0.6200430107526883,0.3193118279569894,0.08636053000346862,0.22008103040813964,0.1833946231934328,Lie Down,0
274,0.48,0.352,1.28,-0.992,-1.312,0,-0.21343396226415107,-0.11894339622641506,0.847094339622642,0.08535371733713046,0.12675873264506907,0.0723795571377714,Lie Down,0
275,0.096,-0.928,0.096,0.032,-0.992,0.032,0.048000000000000036,-0.9623999999999995,0.05720000000000004,0.0003328000000000004,9.66400000000001e-05,0.00022255999999999998,Raise Hand Then Put It Down,0
276,0.096,-0.928,0.096,0,-0.992,0.032,0.04560919540229889,-0.9633103448275852,0.05885057471264372,0.0005563070418813581,0.00011851288149028926,0.00037366732725591285,Raise Hand Then Put It Down,0
277,0.128,-0.736,0.096,-0.032,-0.992,0,0.038400000000000024,-0.9603047619047608,0.057295238095238135,0.0005344304761904762,0.0005557928344671201,0.00024761759637188194,Raise Hand Then Put It Down,0
278,0.128,-0.736,0.128,-0.032,-1.024,0,0.047142857142857174,-0.9605714285714264,0.05142857142857147,0.0007124081632653076,0.0005848163265306129,0.00039053061224489854,Raise Hand Then Put It Down,0
279,0.128,-0.928,0.096,-0.032,-0.992,0,0.052654545454545496,-0.9602909090909076,0.04945454545454549,0.0005694624793388422,8.369719008264444e-05,0.00034697520661156983,Raise Hand Then Put It Down,0